{
  "healthy": {
    "precision": 0.9974327057725222,
    "recall": 1.0,
    "f1-score": 0.9987147030185005,
    "support": 12821.0
  },
  "diseased": {
    "precision": 1.0,
    "recall": 0.9990101385805987,
    "f1-score": 0.9995048242125955,
    "support": 33338.0
  },
  "accuracy": 0.999285079832752,
  "macro avg": {
    "precision": 0.998716352886261,
    "recall": 0.9995050692902994,
    "f1-score": 0.9991097636155479,
    "support": 46159.0
  },
  "weighted avg": {
    "precision": 0.9992869152431705,
    "recall": 0.999285079832752,
    "f1-score": 0.9992853622695402,
    "support": 46159.0
  }
}