{
  "healthy": {
    "precision": 0.9933804060017652,
    "recall": 0.9946973044631021,
    "f1-score": 0.9940384190770589,
    "support": 2263.0
  },
  "diseased": {
    "precision": 0.9979591836734694,
    "recall": 0.9974502804691484,
    "f1-score": 0.9977046671767407,
    "support": 5883.0
  },
  "accuracy": 0.9966854898109502,
  "macro avg": {
    "precision": 0.9956697948376173,
    "recall": 0.9960737924661253,
    "f1-score": 0.9958715431268998,
    "support": 8146.0
  },
  "weighted avg": {
    "precision": 0.9966871760781996,
    "recall": 0.9966854898109502,
    "f1-score": 0.996686164911877,
    "support": 8146.0
  }
}