{
  "healthy": {
    "precision": 0.9829977628635347,
    "recall": 0.9708351745470615,
    "f1-score": 0.976878612716763,
    "support": 2263.0
  },
  "diseased": {
    "precision": 0.988834376586026,
    "recall": 0.9935407105218426,
    "f1-score": 0.9911819569272512,
    "support": 5883.0
  },
  "accuracy": 0.9872329977903266,
  "macro avg": {
    "precision": 0.9859160697247804,
    "recall": 0.982187942534452,
    "f1-score": 0.984030284822007,
    "support": 8146.0
  },
  "weighted avg": {
    "precision": 0.9872129357740941,
    "recall": 0.9872329977903266,
    "f1-score": 0.9872084155635961,
    "support": 8146.0
  }
}