{
  "oracle_disease_accuracy": 0.9944758163515836,
  "oracle_disease_f1": 0.9875944689658462
}