{
  "species_accuracy": 0.9966854898109502,
  "species_f1": 0.9959413368695177,
  "disease_accuracy": 0.9847778050576971,
  "disease_f1": 0.9750451629248421,
  "cascade_accuracy": 0.9831819297814879,
  "cascade_f1": 0.9781230893876842
}