{
  "oracle_disease_accuracy": 0.9862509206972747,
  "oracle_disease_f1": 0.9774542575775381
}