{
  "species": {
    "accuracy": 0.9977903265406335,
    "macroF1": 0.9976049191811656
  },
  "health": {
    "accuracy": 0.9966854898109502,
    "macroF1": 0.9958715431268998
  },
  "disease_global": {
    "accuracy": 0.985041645419004,
    "macroF1": 0.9757508795538454
  },
  "disease_per_species": {
    "0": {
      "accuracy": 1.0,
      "macroF1": 1.0
    },
    "3": {
      "accuracy": 0.9454094292803971,
      "macroF1": 0.9291981513102363
    },
    "4": {
      "accuracy": 0.9926739926739927,
      "macroF1": 0.9930129097409863
    },
    "8": {
      "accuracy": 0.9966666666666667,
      "macroF1": 0.9966666296292181
    },
    "13": {
      "accuracy": 0.9758648431214803,
      "macroF1": 0.9677250300040063
    }
  }
}