{
  "repeated_cv": {
    "f1_macro": {
      "mean": 0.7851499115891428,
      "std": 0.005653968074547509,
      "se": 0.0014598482795140611,
      "raw": [
        0.7880428759931559,
        0.7911828509084227,
        0.7845570488109399,
        0.7875906378856196,
        0.7837891309052154,
        0.7798458488335939,
        0.7864130320893837,
        0.7859200023927077,
        0.7879973545345471,
        0.7848936326462704,
        0.7773311634911586,
        0.7879562030829962,
        0.7974269000477822,
        0.7792033085153655,
        0.7750986836999838
      ]
    },
    "bal_acc": {
      "mean": 0.7389055872541062,
      "std": 0.00727809375260903,
      "se": 0.001879195726399401,
      "raw": [
        0.7381896092171916,
        0.744710384880066,
        0.7369620390690673,
        0.7467412829411255,
        0.7356956100689508,
        0.7342831234520627,
        0.7403808967986452,
        0.7378924252013376,
        0.7428708220269086,
        0.7388376173905005,
        0.7275861746387626,
        0.7447436466302401,
        0.7548889184312019,
        0.7323240509530881,
        0.7274772071124458
      ]
    }
  },
  "bootstrap": {
    "f1_macro": {
      "mean": 0.7863859953502674,
      "low95": 0.7746929178843973,
      "high95": 0.7964310595579499
    },
    "balanced_accuracy": {
      "mean": 0.7408085845974471,
      "low95": 0.7278078611260577,
      "high95": 0.7524272320481011
    }
  },
  "complexity": {
    "n_estimators": 300.0,
    "avg_tree_depth": 36.903333333333336
  },
  "validation_curve_paths": {
    "n_estimators": "/workspaces/app/results_modifiés/models/extra_trees_baseline/plots/extra_trees/validation_curve_n_estimators.html",
    "max_features": "/workspaces/app/results_modifiés/models/extra_trees_baseline/plots/extra_trees/validation_curve_max_features.html"
  }
}