{
  "balanced_accuracy": 0.7405248149028737,
  "f1_macro": 0.7863294451929052
}