mean_fit_time,std_fit_time,mean_score_time,std_score_time,param_xtr__class_weight,param_xtr__n_estimators,params,split0_test_bal_acc,split1_test_bal_acc,split2_test_bal_acc,split3_test_bal_acc,split4_test_bal_acc,mean_test_bal_acc,std_test_bal_acc,rank_test_bal_acc,split0_train_bal_acc,split1_train_bal_acc,split2_train_bal_acc,split3_train_bal_acc,split4_train_bal_acc,mean_train_bal_acc,std_train_bal_acc,split0_test_f1_macro,split1_test_f1_macro,split2_test_f1_macro,split3_test_f1_macro,split4_test_f1_macro,mean_test_f1_macro,std_test_f1_macro,rank_test_f1_macro,split0_train_f1_macro,split1_train_f1_macro,split2_train_f1_macro,split3_train_f1_macro,split4_train_f1_macro,mean_train_f1_macro,std_train_f1_macro
8.896129941940307,1.4488944328226228,0.39464111328125,0.008278802085387348,,300,"{'xtr__class_weight': None, 'xtr__n_estimators': 300}",0.7315914224526735,0.7507622306588996,0.7370849242068653,0.7326773244387986,0.7573122051217094,0.7418856213757893,0.010301297352188899,1,1.0,1.0,1.0,1.0,1.0,1.0,0.0,0.7775764585905666,0.7935575783621778,0.7834394816745877,0.7799180617670238,0.802076414182159,0.787313598915303,0.009180878495506901,2,1.0,1.0,1.0,1.0,1.0,1.0,0.0
9.400753211975097,1.3654213780255016,0.4241929054260254,0.013190910278488203,balanced,300,"{'xtr__class_weight': 'balanced', 'xtr__n_estimators': 300}",0.7287708427002567,0.746544756116472,0.7389914442898559,0.7331078496252618,0.7608328602693574,0.7416495506002407,0.01129468643906275,2,1.0,1.0,1.0,1.0,1.0,1.0,0.0,0.7761776619675838,0.7904880852783328,0.7857409144777329,0.7817960417996345,0.8039648653266738,0.7876335137699915,0.009420787374404256,1,1.0,1.0,1.0,1.0,1.0,1.0,0.0
