{
  "repeated_cv": {
    "f1_macro": {
      "mean": 0.825449099891541,
      "std": 0.003739972767988002,
      "se": 0.0009656568163791191,
      "raw": [
        0.8325016084117688,
        0.8245039748800277,
        0.8239965331851655,
        0.8290237052074777,
        0.8172060595645022,
        0.8260112395433749,
        0.8279693011493316,
        0.8209330528021993,
        0.8302766055848936,
        0.823375274341447,
        0.825359492053802,
        0.825886578883477,
        0.8241057170556518,
        0.8269724983212996,
        0.8236148573886943
      ]
    },
    "bal_acc": {
      "mean": 0.8153642342529034,
      "std": 0.004330497980595802,
      "se": 0.0011181297706421593,
      "raw": [
        0.8169707260037024,
        0.8164596539885591,
        0.8108767540155697,
        0.8250745136093125,
        0.8081570934595327,
        0.8100973326102533,
        0.8193736664112246,
        0.811000338300904,
        0.8184161064022929,
        0.8184070500361971,
        0.8176176135134793,
        0.8149460052507967,
        0.814433588287543,
        0.8154672354190167,
        0.8131658364851663
      ]
    }
  },
  "bootstrap": {
    "f1_macro": {
      "mean": 0.8324424305495216,
      "low95": 0.822874514472389,
      "high95": 0.8411720517596405
    },
    "balanced_accuracy": {
      "mean": 0.8211542705751207,
      "low95": 0.8105193675893972,
      "high95": 0.8319372346201279
    }
  },
  "complexity": {
    "n_classes": 14.0,
    "n_features": 36.0,
    "coef_l2": 99.8951954444077
  },
  "validation_curve_paths": {
    "C": "/workspaces/app/results_modifiés/models/logreg_baseline/plots/logreg/validation_curve_C.html"
  }
}