mean_fit_time,std_fit_time,mean_score_time,std_score_time,param_svm__C,param_svm__class_weight,params,split0_test_bal_acc,split1_test_bal_acc,split2_test_bal_acc,split3_test_bal_acc,split4_test_bal_acc,mean_test_bal_acc,std_test_bal_acc,rank_test_bal_acc,split0_train_bal_acc,split1_train_bal_acc,split2_train_bal_acc,split3_train_bal_acc,split4_train_bal_acc,mean_train_bal_acc,std_train_bal_acc,split0_test_f1_macro,split1_test_f1_macro,split2_test_f1_macro,split3_test_f1_macro,split4_test_f1_macro,mean_test_f1_macro,std_test_f1_macro,rank_test_f1_macro,split0_train_f1_macro,split1_train_f1_macro,split2_train_f1_macro,split3_train_f1_macro,split4_train_f1_macro,mean_train_f1_macro,std_train_f1_macro
21.394061183929445,0.3210978976588732,8.220764446258546,0.06436355665520661,76.0,,"{'svm__C': 76.0, 'svm__class_weight': None}",0.911937375916979,0.9163568540343815,0.9134542135455556,0.9090753007462187,0.9247987998096833,0.9151245088105636,0.005378683884478203,2,0.9822117357716633,0.9820423157999364,0.9813944516465909,0.9817226390658964,0.9813443169233119,0.9817430918414798,0.0003435554824168366,0.9137769283047106,0.918243584994301,0.9184834818217833,0.9143165252823655,0.9264979007883506,0.9182636842383023,0.004551089535077403,1,0.9839930442392094,0.9837407832909802,0.982806571486826,0.9833462207192375,0.9830043278952815,0.983378189526307,0.00044205480723475863
22.37159056663513,0.25384830286828053,8.71707329750061,0.056787581735801264,76.0,balanced,"{'svm__C': 76.0, 'svm__class_weight': 'balanced'}",0.9189604923924506,0.9260589860976465,0.9203558766765154,0.9176945217098249,0.9315569106899826,0.9229253575132839,0.005177013980019388,1,0.9887657203592933,0.988626178648601,0.9880047599113748,0.9884285589874183,0.9881526618375045,0.9883955759488383,0.00028390731275776653,0.9068793640148585,0.9120462859077059,0.9121879753734807,0.9080198362471756,0.9185242640739754,0.9115315451234393,0.004088248166831567,2,0.9751963653374,0.9744754883623622,0.9741000646370415,0.9742321310289579,0.9742556120212653,0.9744519322774053,0.0003912545304725859
