{
  "balanced_accuracy": 0.9206606799660408,
  "f1_macro": 0.92374094434053
}