fit_time,score_time,test_bal_acc,test_f1_macro,test_f1_micro,test_f1_weighted
1.6654727458953857,0.17906737327575684,0.7767857142857143,0.7738397380759736,0.7736363636363637,0.7718418982185812
2.364664077758789,0.31951141357421875,0.7558111380145277,0.7511976738902101,0.7534121929026387,0.748991260015501
2.555528163909912,0.29739832878112793,0.7808716707021793,0.7762042172366632,0.7779799818016379,0.7735202213876824
2.806332588195801,0.3638155460357666,0.757082324455206,0.7531391506675452,0.7534121929026387,0.7510678262559991
2.662778854370117,0.3052637577056885,0.7605932203389832,0.7583489276740764,0.7579617834394905,0.7558188504477018
