{
  "early_blight": {
    "precision": 0.9933774834437086,
    "recall": 1.0,
    "f1-score": 0.9966777408637874,
    "support": 150.0
  },
  "late_blight": {
    "precision": 1.0,
    "recall": 0.9933333333333333,
    "f1-score": 0.9966555183946488,
    "support": 150.0
  },
  "accuracy": 0.9966666666666667,
  "macro avg": {
    "precision": 0.9966887417218543,
    "recall": 0.9966666666666666,
    "f1-score": 0.9966666296292181,
    "support": 300.0
  },
  "weighted avg": {
    "precision": 0.9966887417218542,
    "recall": 0.9966666666666667,
    "f1-score": 0.996666629629218,
    "support": 300.0
  }
}