{
  "best_params": {
    "clf__C": 10,
    "clf__gamma": 0.0001,
    "scaler": "StandardScaler()"
  },
  "best_score": 0.9989719185165106,
  "scorer": "make_scorer(f1_score, response_method='predict', pos_label=None, average=macro)",
  "cv_results": {
    "mean_fit_time": [
      0.4326006571451823,
      0.6848364671071371,
      0.5714577039082845,
      0.5608596801757812,
      0.6573367913564047,
      0.6069794495900472,
      0.37990379333496094,
      0.5234502156575521,
      0.3878640333811442,
      0.6927923361460367,
      0.36971577008565265,
      0.6455152034759521,
      0.3697683811187744,
      0.5487403074900309,
      0.38776445388793945,
      0.5657912095387777,
      0.3166209061940511,
      0.5650359789530436,
      0.34899425506591797,
      0.5722728570302328,
      0.45621371269226074,
      0.4670242468516032,
      0.24016737937927246,
      0.29984291394551593
    ],
    "std_fit_time": [
      0.018921915187443985,
      0.1294968544011075,
      0.17789608623765069,
      0.0028401579653375498,
      0.14744035406547076,
      0.013168051548526292,
      0.01747138573511526,
      0.00592844022036654,
      0.019868524279093403,
      0.15179507400858877,
      0.09627082534416058,
      0.13931808863022271,
      0.010378110892325255,
      0.007044042275902845,
      0.006745701007563242,
      0.07332522913220264,
      0.04370267514527054,
      0.08214912715077796,
      0.006684303725900198,
      0.0702045129133077,
      0.05282820105552159,
      0.02504993656245932,
      0.0035627099175696807,
      0.011579468917960516
    ],
    "mean_score_time": [
      0.04213086764017741,
      0.04409567515055338,
      0.04909968376159668,
      0.03750507036844889,
      0.0637664000193278,
      0.04357576370239258,
      0.03875239690144857,
      0.036477247873942055,
      0.039940198262532554,
      0.04365237553914388,
      0.041753133138020836,
      0.042984565099080406,
      0.04608456293741862,
      0.03701591491699219,
      0.03751929601033529,
      0.034318129221598305,
      0.027813514073689777,
      0.02974414825439453,
      0.036105712254842125,
      0.03180503845214844,
      0.03515028953552246,
      0.01868740717569987,
      0.019996166229248047,
      0.0106809933980306
    ],
    "std_score_time": [
      0.001062154570694988,
      0.009193475378032875,
      0.009332806768138548,
      0.0007203902313014539,
      0.011670914916449943,
      0.0016346999793557732,
      0.001982024610554498,
      0.0005960301185066557,
      0.0007648702204589401,
      0.008669101062478514,
      0.011742997877513667,
      0.007088361227261948,
      0.012529476357316252,
      0.001600643132063195,
      0.0006461973750849872,
      0.001700267152337153,
      0.0010235329563129203,
      0.0009801425387063636,
      0.0007538664355750744,
      0.010693385824174026,
      0.009867558245278607,
      0.001600970448268003,
      0.0012169158162898355,
      5.416400442073807e-05
    ],
    "param_clf__C": [
      0.5,
      0.5,
      0.5,
      0.5,
      0.5,
      0.5,
      1.0,
      1.0,
      1.0,
      1.0,
      1.0,
      1.0,
      2.0,
      2.0,
      2.0,
      2.0,
      2.0,
      2.0,
      10.0,
      10.0,
      10.0,
      10.0,
      10.0,
      10.0
    ],
    "param_clf__gamma": [
      "scale",
      "scale",
      0.001,
      0.001,
      0.0001,
      0.0001,
      "scale",
      "scale",
      0.001,
      0.001,
      0.0001,
      0.0001,
      "scale",
      "scale",
      0.001,
      0.001,
      0.0001,
      0.0001,
      "scale",
      "scale",
      0.001,
      0.001,
      0.0001,
      0.0001
    ],
    "param_scaler": [
      "StandardScaler()",
      "RobustScaler()",
      "StandardScaler()",
      "RobustScaler()",
      "StandardScaler()",
      "RobustScaler()",
      "StandardScaler()",
      "RobustScaler()",
      "StandardScaler()",
      "RobustScaler()",
      "StandardScaler()",
      "RobustScaler()",
      "StandardScaler()",
      "RobustScaler()",
      "StandardScaler()",
      "RobustScaler()",
      "StandardScaler()",
      "RobustScaler()",
      "StandardScaler()",
      "RobustScaler()",
      "StandardScaler()",
      "RobustScaler()",
      "StandardScaler()",
      "RobustScaler()"
    ],
    "params": [
      {
        "clf__C": 0.5,
        "clf__gamma": "scale",
        "scaler": "StandardScaler()"
      },
      {
        "clf__C": 0.5,
        "clf__gamma": "scale",
        "scaler": "RobustScaler()"
      },
      {
        "clf__C": 0.5,
        "clf__gamma": 0.001,
        "scaler": "StandardScaler()"
      },
      {
        "clf__C": 0.5,
        "clf__gamma": 0.001,
        "scaler": "RobustScaler()"
      },
      {
        "clf__C": 0.5,
        "clf__gamma": 0.0001,
        "scaler": "StandardScaler()"
      },
      {
        "clf__C": 0.5,
        "clf__gamma": 0.0001,
        "scaler": "RobustScaler()"
      },
      {
        "clf__C": 1,
        "clf__gamma": "scale",
        "scaler": "StandardScaler()"
      },
      {
        "clf__C": 1,
        "clf__gamma": "scale",
        "scaler": "RobustScaler()"
      },
      {
        "clf__C": 1,
        "clf__gamma": 0.001,
        "scaler": "StandardScaler()"
      },
      {
        "clf__C": 1,
        "clf__gamma": 0.001,
        "scaler": "RobustScaler()"
      },
      {
        "clf__C": 1,
        "clf__gamma": 0.0001,
        "scaler": "StandardScaler()"
      },
      {
        "clf__C": 1,
        "clf__gamma": 0.0001,
        "scaler": "RobustScaler()"
      },
      {
        "clf__C": 2,
        "clf__gamma": "scale",
        "scaler": "StandardScaler()"
      },
      {
        "clf__C": 2,
        "clf__gamma": "scale",
        "scaler": "RobustScaler()"
      },
      {
        "clf__C": 2,
        "clf__gamma": 0.001,
        "scaler": "StandardScaler()"
      },
      {
        "clf__C": 2,
        "clf__gamma": 0.001,
        "scaler": "RobustScaler()"
      },
      {
        "clf__C": 2,
        "clf__gamma": 0.0001,
        "scaler": "StandardScaler()"
      },
      {
        "clf__C": 2,
        "clf__gamma": 0.0001,
        "scaler": "RobustScaler()"
      },
      {
        "clf__C": 10,
        "clf__gamma": "scale",
        "scaler": "StandardScaler()"
      },
      {
        "clf__C": 10,
        "clf__gamma": "scale",
        "scaler": "RobustScaler()"
      },
      {
        "clf__C": 10,
        "clf__gamma": 0.001,
        "scaler": "StandardScaler()"
      },
      {
        "clf__C": 10,
        "clf__gamma": 0.001,
        "scaler": "RobustScaler()"
      },
      {
        "clf__C": 10,
        "clf__gamma": 0.0001,
        "scaler": "StandardScaler()"
      },
      {
        "clf__C": 10,
        "clf__gamma": 0.0001,
        "scaler": "RobustScaler()"
      }
    ],
    "split0_test_score": [
      0.9981220061206729,
      0.9962441016525952,
      0.9981220061206729,
      0.9962441016525952,
      0.9901308281190472,
      0.9901308732031753,
      0.9981220061206729,
      0.9981220061206729,
      0.9981220061206729,
      0.9981220061206729,
      0.9950492115394699,
      0.9920139921473302,
      1.0,
      0.9981220061206729,
      0.9981220061206729,
      0.9981220061206729,
      0.996927190133135,
      0.996927190133135,
      1.0,
      0.9981220061206729,
      0.9981220061206729,
      0.9981220061206729,
      1.0,
      1.0
    ],