{
  "balanced_accuracy": 0.8213939270135068,
  "f1_macro": 0.8327774640657218
}