{
  "apple_scab": {
    "precision": 1.0,
    "recall": 0.8936170212765957,
    "f1-score": 0.9438202247191011,
    "support": 94.0
  },
  "bacterial_spot": {
    "precision": 0.9278959810874704,
    "recall": 0.965559655596556,
    "f1-score": 0.9463532248342374,
    "support": 813.0
  },
  "black_rot": {
    "precision": 0.9812734082397003,
    "recall": 0.9703703703703703,
    "f1-score": 0.9757914338919925,
    "support": 270.0
  },
  "cedar_apple_rust": {
    "precision": 1.0,
    "recall": 0.975609756097561,
    "f1-score": 0.9876543209876543,
    "support": 41.0
  },
  "cercospora_leaf_spot gray_leaf_spot": {
    "precision": 0.7802197802197802,
    "recall": 0.922077922077922,
    "f1-score": 0.8452380952380952,
    "support": 77.0
  },
  "common_rust": {
    "precision": 0.978021978021978,
    "recall": 0.994413407821229,
    "f1-score": 0.9861495844875346,
    "support": 179.0
  },
  "early_blight": {
    "precision": 0.9078014184397163,
    "recall": 0.8533333333333334,
    "f1-score": 0.8797250859106529,
    "support": 300.0
  },
  "esca_(black_measles)": {
    "precision": 0.9716981132075472,
    "recall": 0.9951690821256038,
    "f1-score": 0.9832935560859188,
    "support": 207.0
  },
  "haunglongbing_(citrus_greening)": {
    "precision": 0.9927884615384616,
    "recall": 1.0,
    "f1-score": 0.9963811821471653,
    "support": 826.0
  },
  "late_blight": {
    "precision": 0.9393258426966292,
    "recall": 0.9565217391304348,
    "f1-score": 0.9478458049886621,
    "support": 437.0
  },
  "leaf_blight_(isariopsis_leaf_spot)": {
    "precision": 0.9937888198757764,
    "recall": 0.9876543209876543,
    "f1-score": 0.9907120743034056,
    "support": 162.0
  },
  "leaf_mold": {
    "precision": 0.9763779527559056,
    "recall": 0.8671328671328671,
    "f1-score": 0.9185185185185185,
    "support": 143.0
  },
  "leaf_scorch": {
    "precision": 0.9880952380952381,
    "recall": 0.9940119760479041,
    "f1-score": 0.991044776119403,
    "support": 167.0
  },
  "northern_leaf_blight": {
    "precision": 0.9389312977099237,
    "recall": 0.8367346938775511,
    "f1-score": 0.8848920863309353,
    "support": 147.0
  },
  "powdery_mildew": {
    "precision": 0.9976851851851852,
    "recall": 0.9953810623556582,
    "f1-score": 0.9965317919075144,
    "support": 433.0
  },
  "septoria_leaf_spot": {
    "precision": 0.8856088560885609,
    "recall": 0.9056603773584906,
    "f1-score": 0.8955223880597015,
    "support": 265.0
  },
  "spider_mites two-spotted_spider_mite": {
    "precision": 0.9260700389105059,
    "recall": 0.9444444444444444,
    "f1-score": 0.9351669941060904,
    "support": 252.0
  },
  "target_spot": {
    "precision": 0.900523560209424,
    "recall": 0.8151658767772512,
    "f1-score": 0.8557213930348259,
    "support": 211.0
  },
  "tomato_mosaic_virus": {
    "precision": 0.9272727272727272,
    "recall": 0.9107142857142857,
    "f1-score": 0.918918918918919,
    "support": 56.0
  },
  "tomato_yellow_leaf_curl_virus": {
    "precision": 0.9814585908529048,
    "recall": 0.9887920298879203,
    "f1-score": 0.9851116625310173,
    "support": 803.0
  },
  "accuracy": 0.9561448240693524,
  "macro avg": {
    "precision": 0.9497418625203717,
    "recall": 0.9386182111206816,
    "f1-score": 0.9432196558560675,
    "support": 5883.0
  },
  "weighted avg": {
    "precision": 0.956523886329499,
    "recall": 0.9561448240693524,
    "f1-score": 0.9558570286307939,
    "support": 5883.0
  }
}