{
  "healthy": {
    "precision": 0.9757709251101322,
    "recall": 0.9787892178524084,
    "f1-score": 0.9772777410103685,
    "support": 2263.0
  },
  "diseased": {
    "precision": 0.9918311776718857,
    "recall": 0.9906510283868775,
    "f1-score": 0.9912407517646058,
    "support": 5883.0
  },
  "accuracy": 0.987355757426958,
  "macro avg": {
    "precision": 0.9838010513910089,
    "recall": 0.984720123119643,
    "f1-score": 0.9842592463874871,
    "support": 8146.0
  },
  "weighted avg": {
    "precision": 0.9873695582823387,
    "recall": 0.987355757426958,
    "f1-score": 0.9873617567564006,
    "support": 8146.0
  }
}