{
  "repeated_cv": {
    "f1_macro": {
      "mean": 0.8717219121481242,
      "std": 0.004859102992214048,
      "se": 0.0012546149977567755,
      "raw": [
        0.8771665695638007,
        0.870767854108536,
        0.8622968966989617,
        0.8728660858497835,
        0.875493222824017,
        0.8674256147493585,
        0.8730229819292006,
        0.8666083830386928,
        0.8716941793827734,
        0.874780804726133,
        0.8745504139318825,
        0.8691044458063116,
        0.8809364603309133,
        0.8734847536962437,
        0.8656300155852553
      ]
    },
    "bal_acc": {
      "mean": 0.8510902528297095,
      "std": 0.006639215743654944,
      "se": 0.001714238133803579,
      "raw": [
        0.8552142287528445,
        0.8505656595806664,
        0.8395914018282166,
        0.8560681825537226,
        0.8543519238001261,
        0.8425598288699617,
        0.851501062078352,
        0.8472329608329722,
        0.8496609557304433,
        0.8568339752058343,
        0.8536828349186293,
        0.8496699089922105,
        0.8652318478068608,
        0.8529545472548715,
        0.8412344742399311
      ]
    }
  },
  "bootstrap": {
    "f1_macro": {
      "mean": 0.8771173135311474,
      "low95": 0.8692266798029981,
      "high95": 0.8848261984827898
    },
    "balanced_accuracy": {
      "mean": 0.8572136352060902,
      "low95": 0.8472443902981502,
      "high95": 0.8668421132312565
    }
  },
  "complexity": {
    "n_estimators": 300.0,
    "max_depth": 6.0,
    "n_classes": 14.0
  },
  "validation_curve_paths": {
    "n_estimators": "/workspaces/app/results_modifiés/models/xgb_baseline/plots/xgboost/validation_curve_n_estimators.html",
    "max_depth": "/workspaces/app/results_modifiés/models/xgb_baseline/plots/xgboost/validation_curve_max_depth.html"
  }
}