{
  "cercospora_leaf_spot gray_leaf_spot": {
    "precision": 0.85,
    "recall": 0.8831168831168831,
    "f1-score": 0.8662420382165605,
    "support": 77.0
  },
  "common_rust": {
    "precision": 0.9944444444444445,
    "recall": 1.0,
    "f1-score": 0.9972144846796658,
    "support": 179.0
  },
  "northern_leaf_blight": {
    "precision": 0.9370629370629371,
    "recall": 0.9115646258503401,
    "f1-score": 0.9241379310344827,
    "support": 147.0
  },
  "accuracy": 0.9454094292803971,
  "macro avg": {
    "precision": 0.9271691271691272,
    "recall": 0.9315605029890744,
    "f1-score": 0.9291981513102363,
    "support": 403.0
  },
  "weighted avg": {
    "precision": 0.9459151546000183,
    "recall": 0.9454094292803971,
    "f1-score": 0.9455342569786708,
    "support": 403.0
  }
}