{
  "black_rot": {
    "precision": 0.9887005649717514,
    "recall": 0.9887005649717514,
    "f1-score": 0.9887005649717514,
    "support": 177.0
  },
  "esca_(black_measles)": {
    "precision": 0.9903381642512077,
    "recall": 0.9903381642512077,
    "f1-score": 0.9903381642512077,
    "support": 207.0
  },
  "leaf_blight_(isariopsis_leaf_spot)": {
    "precision": 1.0,
    "recall": 1.0,
    "f1-score": 1.0,
    "support": 162.0
  },
  "accuracy": 0.9926739926739927,
  "macro avg": {
    "precision": 0.9930129097409863,
    "recall": 0.9930129097409863,
    "f1-score": 0.9930129097409863,
    "support": 546.0
  },
  "weighted avg": {
    "precision": 0.9926739926739927,
    "recall": 0.9926739926739927,
    "f1-score": 0.9926739926739927,
    "support": 546.0
  }
}