{
  "best_params": {
    "clf__C": 10,
    "clf__gamma": "scale",
    "scaler": "StandardScaler()"
  },
  "best_score": 0.9642185729088816,
  "scorer": "make_scorer(f1_score, response_method='predict', pos_label=None, average=macro)",
  "cv_results": {
    "mean_fit_time": [
      100.84640041987102,
      107.67652042706807,
      105.4999605814616,
      104.53624200820923,
      112.93397188186646,
      132.2262121041616,
      82.84468801816304,
      84.57821226119995,
      84.49890605608623,
      90.13266984621684,
      84.18474197387695,
      97.18700822194417,
      70.33835657437642,
      81.05694421132405,
      82.52141332626343,
      83.17139053344727,
      54.83301409085592,
      66.37130514780681,
      71.67784110705058,
      83.43616469701131,
      76.30509932835896,
      66.22340766588847,
      34.17651891708374,
      33.1484599908193
    ],
    "std_fit_time": [
      5.949618740773751,
      7.920798874151598,
      3.593029971010416,
      0.4818971530264032,
      3.5171988787168305,
      14.773154914038729,
      8.270592216249941,
      1.5531730982780882,
      1.1778670503821937,
      12.343721791424679,
      13.413116557438876,
      10.697344441363434,
      1.6329818249654533,
      7.233208623413479,
      0.5952363661790111,
      8.489521339792555,
      2.7380328514591197,
      0.16348883087100652,
      5.326497691816235,
      7.046770035442388,
      2.305773919645643,
      3.584041611171399,
      0.7108189914292652,
      2.189814432592465
    ],
    "mean_score_time": [
      13.367404699325562,
      13.430015961329142,
      14.594566265741983,
      13.584397157033285,
      13.392559051513672,
      14.845482985178629,
      13.364252805709839,
      11.614752054214478,
      12.832651058832804,
      13.270821412404379,
      12.972963412602743,
      13.96123711268107,
      9.09728447596232,
      11.086879968643188,
      10.99460474650065,
      12.66447925567627,
      8.388158082962036,
      11.561328331629435,
      10.815212965011597,
      8.614781538645426,
      7.834213654200236,
      4.45551609992981,
      6.640073458353679,
      3.060894250869751
    ],
    "std_score_time": [
      4.2645773585244555,
      2.7685888508855006,
      4.180734279737113,
      0.42403530617972696,
      1.4478821851897878,
      3.1207063512115556,
      2.486475536313588,
      1.4195476747450917,
      0.09700624973578453,
      1.2135323787198653,
      2.015363862357369,
      2.0580339895649846,
      0.06571582716367468,
      2.5554485003050136,
      1.6471649087815352,
      2.3489336858982597,
      0.09524874277314853,
      1.5283372355349185,
      1.1760546982827602,
      2.6674893667274504,
      0.11635854770529196,
      1.7888843770824496,
      1.5003957199499787,
      1.1483786073367368
    ],
    "param_clf__C": [
      0.5,
      0.5,
      0.5,
      0.5,
      0.5,
      0.5,
      1.0,
      1.0,
      1.0,
      1.0,
      1.0,
      1.0,
      2.0,
      2.0,
      2.0,
      2.0,
      2.0,
      2.0,
      10.0,
      10.0,
      10.0,
      10.0,
      10.0,
      10.0
    ],
    "param_clf__gamma": [
      "scale",
      "scale",
      0.001,
      0.001,
      0.0001,
      0.0001,
      "scale",
      "scale",
      0.001,
      0.001,
      0.0001,
      0.0001,
      "scale",
      "scale",
      0.001,
      0.001,
      0.0001,
      0.0001,
      "scale",
      "scale",
      0.001,
      0.001,
      0.0001,
      0.0001
    ],
    "param_scaler": [
      "StandardScaler()",
      "RobustScaler()",
      "StandardScaler()",
      "RobustScaler()",
      "StandardScaler()",
      "RobustScaler()",
      "StandardScaler()",
      "RobustScaler()",
      "StandardScaler()",
      "RobustScaler()",
      "StandardScaler()",
      "RobustScaler()",
      "StandardScaler()",
      "RobustScaler()",
      "StandardScaler()",
      "RobustScaler()",
      "StandardScaler()",
      "RobustScaler()",
      "StandardScaler()",
      "RobustScaler()",
      "StandardScaler()",
      "RobustScaler()",
      "StandardScaler()",
      "RobustScaler()"
    ],
    "params": [
      {
        "clf__C": 0.5,
        "clf__gamma": "scale",
        "scaler": "StandardScaler()"
      },
      {
        "clf__C": 0.5,
        "clf__gamma": "scale",
        "scaler": "RobustScaler()"
      },
      {
        "clf__C": 0.5,
        "clf__gamma": 0.001,
        "scaler": "StandardScaler()"
      },
      {
        "clf__C": 0.5,
        "clf__gamma": 0.001,
        "scaler": "RobustScaler()"
      },
      {
        "clf__C": 0.5,
        "clf__gamma": 0.0001,
        "scaler": "StandardScaler()"
      },
      {
        "clf__C": 0.5,
        "clf__gamma": 0.0001,
        "scaler": "RobustScaler()"
      },
      {
        "clf__C": 1,
        "clf__gamma": "scale",
        "scaler": "StandardScaler()"
      },
      {
        "clf__C": 1,
        "clf__gamma": "scale",
        "scaler": "RobustScaler()"
      },
      {
        "clf__C": 1,
        "clf__gamma": 0.001,
        "scaler": "StandardScaler()"
      },
      {
        "clf__C": 1,
        "clf__gamma": 0.001,
        "scaler": "RobustScaler()"
      },
      {
        "clf__C": 1,
        "clf__gamma": 0.0001,
        "scaler": "StandardScaler()"
      },
      {
        "clf__C": 1,
        "clf__gamma": 0.0001,
        "scaler": "RobustScaler()"
      },
      {
        "clf__C": 2,
        "clf__gamma": "scale",
        "scaler": "StandardScaler()"
      },
      {
        "clf__C": 2,
        "clf__gamma": "scale",
        "scaler": "RobustScaler()"
      },
      {
        "clf__C": 2,
        "clf__gamma": 0.001,
        "scaler": "StandardScaler()"
      },
      {
        "clf__C": 2,
        "clf__gamma": 0.001,
        "scaler": "RobustScaler()"
      },
      {
        "clf__C": 2,
        "clf__gamma": 0.0001,
        "scaler": "StandardScaler()"
      },
      {
        "clf__C": 2,
        "clf__gamma": 0.0001,
        "scaler": "RobustScaler()"
      },
      {
        "clf__C": 10,
        "clf__gamma": "scale",
        "scaler": "StandardScaler()"
      },
      {
        "clf__C": 10,
        "clf__gamma": "scale",
        "scaler": "RobustScaler()"
      },
      {
        "clf__C": 10,
        "clf__gamma": 0.001,
        "scaler": "StandardScaler()"
      },
      {
        "clf__C": 10,
        "clf__gamma": 0.001,
        "scaler": "RobustScaler()"
      },
      {
        "clf__C": 10,
        "clf__gamma": 0.0001,
        "scaler": "StandardScaler()"
      },
      {
        "clf__C": 10,
        "clf__gamma": 0.0001,
        "scaler": "RobustScaler()"
      }
    ],
    "split0_test_score": [
      0.9398670275702141,
      0.9284081375285117,
      0.9390939265936237,
      0.9305100676897011,
      0.8990472463193979,
      0.8822338117078595,
      0.9570645864859301,
      0.9475858827292546,
      0.9553592226191215,
      0.9490042973033792,
      0.9235444033369402,
      0.9079066526894624,
      0.9649255280702591,
      0.9564084879145884,
      0.9628315908071772,
      0.9582421209505961,
      0.9348388820935918,
      0.9230470958027414,
      0.9667504602777027,
      0.9573446890020914,
      0.9653312786620994,
      0.9593698346716195,
      0.9564205842658988,
      0.9455073443294609
    ],
    "split1_test_score": [
      0.938502110688373,
      0.9276684730928785,
      0.9374097507563979,
      0.9286733251181425,
      0.8960047923202059,
      0.8796541773625891,
      0.9530880997069003,
      0.9453581058649356,
      0.95118427137065,
      0.9461222450488742,
      0.913789235993246,
      0.901587021635821,
      0.9578607529146281,
      0.9532197894869512,
      0.9552061042812099,
      0.9525294411643769,
      0.9318431844537994,
      0.9235527180288037,
      0.9611702016093044,
      0.9558890383298885,
      0.9585000484753257,
      0.9574384103104069,
      0.9537799709576316,
      0.9473922534280675
    ],