{
  "best_params": {
    "clf__C": 2,
    "clf__gamma": 0.0001,
    "scaler": "StandardScaler()"
  },
  "best_score": 0.9976473686639942,
  "scorer": "make_scorer(f1_score, response_method='predict', pos_label=None, average=macro)",
  "cv_results": {
    "mean_fit_time": [
      0.5868446826934814,
      0.9980129400889078,
      0.7834359804789225,
      1.0173708597819011,
      0.5674691994984945,
      0.9089131355285645,
      0.5488339265187582,
      1.042818546295166,
      0.623219887415568,
      1.3175519307454426,
      0.5398600896199545,
      1.2359293301900227,
      0.6261300245920817,
      0.8932360808054606,
      0.6793402036031088,
      1.1051963170369465,
      0.47209978103637695,
      0.9582557678222656,
      0.5562016169230143,
      0.8343433539072672,
      0.5876487096150717,
      0.7780442237854004,
      0.38710935910542804,
      0.4909639358520508
    ],
    "std_fit_time": [
      0.016984255788057376,
      0.18774255468337323,
      0.1871203815460564,
      0.24636476415203595,
      0.028414139850084206,
      0.037507399694700364,
      0.020377402945979856,
      0.10960787377198192,
      0.014362183673299759,
      0.3578692540964156,
      0.022387637171941144,
      0.4531223459146709,
      0.013656031170122984,
      0.008547591241305464,
      0.026616226439710657,
      0.33128044116576016,
      0.004175327161082661,
      0.25120069910905257,
      0.023876630083051804,
      0.014295467514992815,
      0.01765597506318041,
      0.10381606104727781,
      0.013076777674395098,
      0.054190191871602456
    ],
    "mean_score_time": [
      0.0699625809987386,
      0.05946946144104004,
      0.07923293113708496,
      0.07079188028971355,
      0.06418466567993164,
      0.06137204170227051,
      0.06601929664611816,
      0.07424227396647136,
      0.06168500582377116,
      0.08436298370361328,
      0.04579536120096842,
      0.06963968276977539,
      0.06088574727376302,
      0.058891852696736656,
      0.05662663777669271,
      0.050747315088907875,
      0.03893438975016276,
      0.03499809900919596,
      0.054164727528889976,
      0.04289960861206055,
      0.0576481024424235,
      0.026903867721557617,
      0.022702693939208984,
      0.014088789621988932
    ],
    "std_score_time": [
      0.013681197130321005,
      0.0031816415274703133,
      0.022413642291404332,
      0.016413883573114116,
      0.0008140579783055728,
      0.003216678091367424,
      0.014080059860200132,
      0.027253242702151813,
      0.0010201421319409162,
      0.021255052140027975,
      0.0008956940059420897,
      0.027912994054581326,
      0.007214301155507905,
      0.0061970162188945245,
      0.002528215197497159,
      0.0013132619566447329,
      0.0003733952792807614,
      0.008552122067951964,
      0.0030434665473117154,
      0.010007071974219961,
      0.0023329211412977994,
      0.0026683802544459536,
      0.005541468811604553,
      0.0003245387662710535
    ],
    "param_clf__C": [
      0.5,
      0.5,
      0.5,
      0.5,
      0.5,
      0.5,
      1.0,
      1.0,
      1.0,
      1.0,
      1.0,
      1.0,
      2.0,
      2.0,
      2.0,
      2.0,
      2.0,
      2.0,
      10.0,
      10.0,
      10.0,
      10.0,
      10.0,
      10.0
    ],
    "param_clf__gamma": [
      "scale",
      "scale",
      0.001,
      0.001,
      0.0001,
      0.0001,
      "scale",
      "scale",
      0.001,
      0.001,
      0.0001,
      0.0001,
      "scale",
      "scale",
      0.001,
      0.001,
      0.0001,
      0.0001,
      "scale",
      "scale",
      0.001,
      0.001,
      0.0001,
      0.0001
    ],
    "param_scaler": [
      "StandardScaler()",
      "RobustScaler()",
      "StandardScaler()",
      "RobustScaler()",
      "StandardScaler()",
      "RobustScaler()",
      "StandardScaler()",
      "RobustScaler()",
      "StandardScaler()",
      "RobustScaler()",
      "StandardScaler()",
      "RobustScaler()",
      "StandardScaler()",
      "RobustScaler()",
      "StandardScaler()",
      "RobustScaler()",
      "StandardScaler()",
      "RobustScaler()",
      "StandardScaler()",
      "RobustScaler()",
      "StandardScaler()",
      "RobustScaler()",
      "StandardScaler()",
      "RobustScaler()"
    ],
    "params": [
      {
        "clf__C": 0.5,
        "clf__gamma": "scale",
        "scaler": "StandardScaler()"
      },
      {
        "clf__C": 0.5,
        "clf__gamma": "scale",
        "scaler": "RobustScaler()"
      },
      {
        "clf__C": 0.5,
        "clf__gamma": 0.001,
        "scaler": "StandardScaler()"
      },
      {
        "clf__C": 0.5,
        "clf__gamma": 0.001,
        "scaler": "RobustScaler()"
      },
      {
        "clf__C": 0.5,
        "clf__gamma": 0.0001,
        "scaler": "StandardScaler()"
      },
      {
        "clf__C": 0.5,
        "clf__gamma": 0.0001,
        "scaler": "RobustScaler()"
      },
      {
        "clf__C": 1,
        "clf__gamma": "scale",
        "scaler": "StandardScaler()"
      },
      {
        "clf__C": 1,
        "clf__gamma": "scale",
        "scaler": "RobustScaler()"
      },
      {
        "clf__C": 1,
        "clf__gamma": 0.001,
        "scaler": "StandardScaler()"
      },
      {
        "clf__C": 1,
        "clf__gamma": 0.001,
        "scaler": "RobustScaler()"
      },
      {
        "clf__C": 1,
        "clf__gamma": 0.0001,
        "scaler": "StandardScaler()"
      },
      {
        "clf__C": 1,
        "clf__gamma": 0.0001,
        "scaler": "RobustScaler()"
      },
      {
        "clf__C": 2,
        "clf__gamma": "scale",
        "scaler": "StandardScaler()"
      },
      {
        "clf__C": 2,
        "clf__gamma": "scale",
        "scaler": "RobustScaler()"
      },
      {
        "clf__C": 2,
        "clf__gamma": 0.001,
        "scaler": "StandardScaler()"
      },
      {
        "clf__C": 2,
        "clf__gamma": 0.001,
        "scaler": "RobustScaler()"
      },
      {
        "clf__C": 2,
        "clf__gamma": 0.0001,
        "scaler": "StandardScaler()"
      },
      {
        "clf__C": 2,
        "clf__gamma": 0.0001,
        "scaler": "RobustScaler()"
      },
      {
        "clf__C": 10,
        "clf__gamma": "scale",
        "scaler": "StandardScaler()"
      },
      {
        "clf__C": 10,
        "clf__gamma": "scale",
        "scaler": "RobustScaler()"
      },
      {
        "clf__C": 10,
        "clf__gamma": 0.001,
        "scaler": "StandardScaler()"
      },
      {
        "clf__C": 10,
        "clf__gamma": 0.001,
        "scaler": "RobustScaler()"
      },
      {
        "clf__C": 10,
        "clf__gamma": 0.0001,
        "scaler": "StandardScaler()"
      },
      {
        "clf__C": 10,
        "clf__gamma": 0.0001,
        "scaler": "RobustScaler()"
      }
    ],
    "split0_test_score": [
      0.992945304334843,
      0.9858906086696859,
      0.989417693169093,
      0.9858906086696859,
      0.989417693169093,
      0.9876541673795045,
      0.992945304334843,
      0.9894179565022645,
      0.9929451287793953,
      0.9894179565022645,
      0.9929451287793953,
      0.989417693169093,
      0.9947089288769305,
      0.9894179565022645,
      0.9929451287793953,
      0.9894179565022645,
      0.9964725643896977,
      0.9929451287793953,
      0.992945304334843,
      0.9894179565022645,
      0.9911815481282175,
      0.9894179565022645,
      0.9947089947089947,
      0.992945304334843
    ],