{
  "best_params": {
    "clf__C": 10,
    "clf__gamma": 0.0001,
    "scaler": "StandardScaler()"
  },
  "best_score": 0.9932250702339794,
  "scorer": "make_scorer(f1_score, response_method='predict', pos_label=None, average=macro)",
  "cv_results": {
    "mean_fit_time": [
      2.0104106267293296,
      2.257191816965739,
      2.022667407989502,
      3.0830357869466147,
      1.8736476103464763,
      4.640852769215901,
      1.6434698899586995,
      5.2128517627716064,
      5.1485622723897295,
      5.83265741666158,
      5.374205430348714,
      2.8828250567118325,
      1.9558928807576497,
      2.5055028597513833,
      1.9810397624969482,
      2.6611512502034507,
      1.222100019454956,
      1.874788522720337,
      2.0038174788157144,
      2.4431470235188804,
      2.1180553436279297,
      2.075082858403524,
      1.1097276210784912,
      1.1931965351104736
    ],
    "std_fit_time": [
      0.13537859740459018,
      0.24184354148293355,
      0.27129463777396107,
      0.6882632984625796,
      0.08745820150944479,
      1.1785015132273688,
      0.09883718806763689,
      0.15845241542306354,
      0.06103898278560063,
      0.5160467725615691,
      0.4503084657427437,
      1.0465611127658108,
      0.160754634538178,
      0.2047325158664113,
      0.12688207824046036,
      0.6471679678136115,
      0.0232900174701618,
      0.029287650421640936,
      0.1954785755326186,
      0.12081956569953307,
      0.14316114078383785,
      0.31857319307994375,
      0.019895449434272967,
      0.1125817182418654
    ],
    "mean_score_time": [
      0.15472698211669922,
      0.23860438664754233,
      0.17488908767700195,
      0.22956355412801108,
      0.17027012507120767,
      0.22434314092000326,
      1.6602813402811687,
      0.1390516757965088,
      0.15117851893107095,
      0.1685024897257487,
      0.27518439292907715,
      0.19310498237609863,
      0.1716772715250651,
      0.2548704147338867,
      0.1952660083770752,
      0.15967178344726562,
      0.131030003229777,
      0.14460023244222006,
      0.27108271916707355,
      0.20275259017944336,
      0.15500330924987793,
      0.09413798650105794,
      0.0969383716583252,
      0.054840803146362305
    ],
    "std_score_time": [
      0.015394617401964336,
      0.048782837745453,
      0.010347669246520317,
      0.05674337385071782,
      0.009742776039974647,
      0.05637458615750577,
      1.3269306629484623,
      0.00434330915511749,
      0.007787099622668721,
      0.008556597549129177,
      0.023510814376042657,
      0.014083343704863043,
      0.0113887395628321,
      0.06315654972672566,
      0.01471405794525826,
      0.024557064757715096,
      0.0017153572447882982,
      0.004859830519800184,
      0.07131811493162245,
      0.08690253945532087,
      0.03168523462288855,
      0.01780514024139739,
      0.01970082770457751,
      0.019591108591655148
    ],
    "param_clf__C": [
      0.5,
      0.5,
      0.5,
      0.5,
      0.5,
      0.5,
      1.0,
      1.0,
      1.0,
      1.0,
      1.0,
      1.0,
      2.0,
      2.0,
      2.0,
      2.0,
      2.0,
      2.0,
      10.0,
      10.0,
      10.0,
      10.0,
      10.0,
      10.0
    ],
    "param_clf__gamma": [
      "scale",
      "scale",
      0.001,
      0.001,
      0.0001,
      0.0001,
      "scale",
      "scale",
      0.001,
      0.001,
      0.0001,
      0.0001,
      "scale",
      "scale",
      0.001,
      0.001,
      0.0001,
      0.0001,
      "scale",
      "scale",
      0.001,
      0.001,
      0.0001,
      0.0001
    ],
    "param_scaler": [
      "StandardScaler()",
      "RobustScaler()",
      "StandardScaler()",
      "RobustScaler()",
      "StandardScaler()",
      "RobustScaler()",
      "StandardScaler()",
      "RobustScaler()",
      "StandardScaler()",
      "RobustScaler()",
      "StandardScaler()",
      "RobustScaler()",
      "StandardScaler()",
      "RobustScaler()",
      "StandardScaler()",
      "RobustScaler()",
      "StandardScaler()",
      "RobustScaler()",
      "StandardScaler()",
      "RobustScaler()",
      "StandardScaler()",
      "RobustScaler()",
      "StandardScaler()",
      "RobustScaler()"
    ],
    "params": [
      {
        "clf__C": 0.5,
        "clf__gamma": "scale",
        "scaler": "StandardScaler()"
      },
      {
        "clf__C": 0.5,
        "clf__gamma": "scale",
        "scaler": "RobustScaler()"
      },
      {
        "clf__C": 0.5,
        "clf__gamma": 0.001,
        "scaler": "StandardScaler()"
      },
      {
        "clf__C": 0.5,
        "clf__gamma": 0.001,
        "scaler": "RobustScaler()"
      },
      {
        "clf__C": 0.5,
        "clf__gamma": 0.0001,
        "scaler": "StandardScaler()"
      },
      {
        "clf__C": 0.5,
        "clf__gamma": 0.0001,
        "scaler": "RobustScaler()"
      },
      {
        "clf__C": 1,
        "clf__gamma": "scale",
        "scaler": "StandardScaler()"
      },
      {
        "clf__C": 1,
        "clf__gamma": "scale",
        "scaler": "RobustScaler()"
      },
      {
        "clf__C": 1,
        "clf__gamma": 0.001,
        "scaler": "StandardScaler()"
      },
      {
        "clf__C": 1,
        "clf__gamma": 0.001,
        "scaler": "RobustScaler()"
      },
      {
        "clf__C": 1,
        "clf__gamma": 0.0001,
        "scaler": "StandardScaler()"
      },
      {
        "clf__C": 1,
        "clf__gamma": 0.0001,
        "scaler": "RobustScaler()"
      },
      {
        "clf__C": 2,
        "clf__gamma": "scale",
        "scaler": "StandardScaler()"
      },
      {
        "clf__C": 2,
        "clf__gamma": "scale",
        "scaler": "RobustScaler()"
      },
      {
        "clf__C": 2,
        "clf__gamma": 0.001,
        "scaler": "StandardScaler()"
      },
      {
        "clf__C": 2,
        "clf__gamma": 0.001,
        "scaler": "RobustScaler()"
      },
      {
        "clf__C": 2,
        "clf__gamma": 0.0001,
        "scaler": "StandardScaler()"
      },
      {
        "clf__C": 2,
        "clf__gamma": 0.0001,
        "scaler": "RobustScaler()"
      },
      {
        "clf__C": 10,
        "clf__gamma": "scale",
        "scaler": "StandardScaler()"
      },
      {
        "clf__C": 10,
        "clf__gamma": "scale",
        "scaler": "RobustScaler()"
      },
      {
        "clf__C": 10,
        "clf__gamma": 0.001,
        "scaler": "StandardScaler()"
      },
      {
        "clf__C": 10,
        "clf__gamma": 0.001,
        "scaler": "RobustScaler()"
      },
      {
        "clf__C": 10,
        "clf__gamma": 0.0001,
        "scaler": "StandardScaler()"
      },
      {
        "clf__C": 10,
        "clf__gamma": 0.0001,
        "scaler": "RobustScaler()"
      }
    ],
    "split0_test_score": [
      0.9907648765516787,
      0.9886602157156531,
      0.9916903047840755,
      0.9886602157156531,
      0.9815690867697987,
      0.9769743614106767,
      0.9926119012413429,
      0.9916903047840755,
      0.9926119012413429,
      0.9916903047840755,
      0.9880077072464486,
      0.9834121780928188,
      0.9944614587618655,
      0.9944614587618655,
      0.9926152783491542,
      0.9944614587618655,
      0.9898482699088224,
      0.9898482699088224,
      0.9944614587618655,
      0.9953835026578197,
      0.9926152783491542,
      0.9953835026578197,
      0.9935369037209476,
      0.9926152783491542
    ],