{
  "best_params": {
    "clf__C": 10,
    "clf__gamma": "scale",
    "scaler": "StandardScaler()"
  },
  "best_score": 0.9327451277217081,
  "scorer": "make_scorer(f1_score, response_method='predict', pos_label=None, average=macro)",
  "cv_results": {
    "mean_fit_time": [
      1.0788113276163738,
      1.6829136212666829,
      1.4245484670003254,
      1.3410996596018474,
      1.2560784816741943,
      1.3607970873514812,
      1.095340649286906,
      1.2944041887919109,
      1.285966396331787,
      1.5450872580210369,
      1.0519986947377522,
      1.4071467717488606,
      0.9652310212453207,
      1.4133249918619792,
      1.23764967918396,
      1.1896535555521648,
      0.7210206985473633,
      1.0168670813242595,
      1.3418266773223877,
      1.26436185836792,
      1.107402245203654,
      1.1785670121510823,
      0.5884453455607096,
      0.7230488459269205
    ],
    "std_fit_time": [
      0.010569057223822566,
      0.4538284358639126,
      0.11642322050103146,
      0.0894238619537825,
      0.18251151691917067,
      0.03226636638610911,
      0.14297232876978397,
      0.06105578571686646,
      0.20816080107467577,
      0.4193255992036055,
      0.38692961013395605,
      0.39997856331097736,
      0.027386569525498557,
      0.25914774867997553,
      0.21641772122391753,
      0.020742871815089423,
      0.012787013579790178,
      0.057401149078139146,
      0.2600198093054106,
      0.053016085711504984,
      0.07595676965785847,
      0.05566592978689489,
      0.013570076588908207,
      0.06005138726800901
    ],
    "mean_score_time": [
      0.1360182762145996,
      0.12420352300008138,
      0.14138348897298178,
      0.11265993118286133,
      0.16444102923075357,
      0.13227232297261557,
      0.12244002024332683,
      0.10721858342488606,
      0.13234750429789224,
      0.1345075766245524,
      0.12146536509195964,
      0.13823564847310385,
      0.10693685213724773,
      0.13590566317240396,
      0.10530742009480794,
      0.10614371299743652,
      0.08325338363647461,
      0.11211506525675456,
      0.10271898905436198,
      0.09260010719299316,
      0.09419020016988118,
      0.0491799513498942,
      0.06925098101298015,
      0.035434722900390625
    ],
    "std_score_time": [
      0.006935669138682713,
      0.017010783911351197,
      0.042100447959698944,
      0.003691135571159451,
      0.03761094538562151,
      0.014077594105574567,
      0.013834720889444981,
      0.0018732957291441852,
      0.04011723651627089,
      0.05408853848977577,
      0.020156075967012535,
      0.04159969275235065,
      0.0034532058454639237,
      0.04332494040971265,
      0.0013423611134379895,
      0.004361133232514201,
      0.005099937466197945,
      0.028495977506042453,
      0.0042483251105205596,
      0.014002202009818793,
      0.02659035039713449,
      0.00407360620631698,
      0.004780760638040114,
      0.00652034306996977
    ],
    "param_clf__C": [
      0.5,
      0.5,
      0.5,
      0.5,
      0.5,
      0.5,
      1.0,
      1.0,
      1.0,
      1.0,
      1.0,
      1.0,
      2.0,
      2.0,
      2.0,
      2.0,
      2.0,
      2.0,
      10.0,
      10.0,
      10.0,
      10.0,
      10.0,
      10.0
    ],
    "param_clf__gamma": [
      "scale",
      "scale",
      0.001,
      0.001,
      0.0001,
      0.0001,
      "scale",
      "scale",
      0.001,
      0.001,
      0.0001,
      0.0001,
      "scale",
      "scale",
      0.001,
      0.001,
      0.0001,
      0.0001,
      "scale",
      "scale",
      0.001,
      0.001,
      0.0001,
      0.0001
    ],
    "param_scaler": [
      "StandardScaler()",
      "RobustScaler()",
      "StandardScaler()",
      "RobustScaler()",
      "StandardScaler()",
      "RobustScaler()",
      "StandardScaler()",
      "RobustScaler()",
      "StandardScaler()",
      "RobustScaler()",
      "StandardScaler()",
      "RobustScaler()",
      "StandardScaler()",
      "RobustScaler()",
      "StandardScaler()",
      "RobustScaler()",
      "StandardScaler()",
      "RobustScaler()",
      "StandardScaler()",
      "RobustScaler()",
      "StandardScaler()",
      "RobustScaler()",
      "StandardScaler()",
      "RobustScaler()"
    ],
    "params": [
      {
        "clf__C": 0.5,
        "clf__gamma": "scale",
        "scaler": "StandardScaler()"
      },
      {
        "clf__C": 0.5,
        "clf__gamma": "scale",
        "scaler": "RobustScaler()"
      },
      {
        "clf__C": 0.5,
        "clf__gamma": 0.001,
        "scaler": "StandardScaler()"
      },
      {
        "clf__C": 0.5,
        "clf__gamma": 0.001,
        "scaler": "RobustScaler()"
      },
      {
        "clf__C": 0.5,
        "clf__gamma": 0.0001,
        "scaler": "StandardScaler()"
      },
      {
        "clf__C": 0.5,
        "clf__gamma": 0.0001,
        "scaler": "RobustScaler()"
      },
      {
        "clf__C": 1,
        "clf__gamma": "scale",
        "scaler": "StandardScaler()"
      },
      {
        "clf__C": 1,
        "clf__gamma": "scale",
        "scaler": "RobustScaler()"
      },
      {
        "clf__C": 1,
        "clf__gamma": 0.001,
        "scaler": "StandardScaler()"
      },
      {
        "clf__C": 1,
        "clf__gamma": 0.001,
        "scaler": "RobustScaler()"
      },
      {
        "clf__C": 1,
        "clf__gamma": 0.0001,
        "scaler": "StandardScaler()"
      },
      {
        "clf__C": 1,
        "clf__gamma": 0.0001,
        "scaler": "RobustScaler()"
      },
      {
        "clf__C": 2,
        "clf__gamma": "scale",
        "scaler": "StandardScaler()"
      },
      {
        "clf__C": 2,
        "clf__gamma": "scale",
        "scaler": "RobustScaler()"
      },
      {
        "clf__C": 2,
        "clf__gamma": 0.001,
        "scaler": "StandardScaler()"
      },
      {
        "clf__C": 2,
        "clf__gamma": 0.001,
        "scaler": "RobustScaler()"
      },
      {
        "clf__C": 2,
        "clf__gamma": 0.0001,
        "scaler": "StandardScaler()"
      },
      {
        "clf__C": 2,
        "clf__gamma": 0.0001,
        "scaler": "RobustScaler()"
      },
      {
        "clf__C": 10,
        "clf__gamma": "scale",
        "scaler": "StandardScaler()"
      },
      {
        "clf__C": 10,
        "clf__gamma": "scale",
        "scaler": "RobustScaler()"
      },
      {
        "clf__C": 10,
        "clf__gamma": 0.001,
        "scaler": "StandardScaler()"
      },
      {
        "clf__C": 10,
        "clf__gamma": 0.001,
        "scaler": "RobustScaler()"
      },
      {
        "clf__C": 10,
        "clf__gamma": 0.0001,
        "scaler": "StandardScaler()"
      },
      {
        "clf__C": 10,
        "clf__gamma": 0.0001,
        "scaler": "RobustScaler()"
      }
    ],
    "split0_test_score": [
      0.9218718323384149,
      0.9072411124625596,
      0.9221251409256478,
      0.9108700988308249,
      0.8723375725601795,
      0.8707887798955015,
      0.9280367952118617,
      0.9216034910650759,
      0.9329499336847401,
      0.9234134015717942,
      0.8981676127000312,
      0.8907153965038946,
      0.9322758405754445,
      0.9295021688944258,
      0.9337038169356929,
      0.9306223706191434,
      0.9091221622032833,
      0.9029962838068709,
      0.9303838986025221,
      0.926490838964551,
      0.9284842069973722,
      0.9259623237470157,
      0.9293956525856282,
      0.9128363507181506
    ],