{
  "Apple": {
    "precision": 0.9978494623655914,
    "recall": 0.9789029535864979,
    "f1-score": 0.9882854100106496,
    "support": 474.0
  },
  "Blueberry": {
    "precision": 1.0,
    "recall": 1.0,
    "f1-score": 1.0,
    "support": 226.0
  },
  "Cherry_(including_sour)": {
    "precision": 1.0,
    "recall": 0.9825174825174825,
    "f1-score": 0.9911816578483245,
    "support": 286.0
  },
  "Corn_(maize)": {
    "precision": 0.9982698961937716,
    "recall": 1.0,
    "f1-score": 0.9991341991341991,
    "support": 577.0
  },
  "Grape": {
    "precision": 1.0,
    "recall": 1.0,
    "f1-score": 1.0,
    "support": 610.0
  },
  "Orange": {
    "precision": 0.9987908101571947,
    "recall": 1.0,
    "f1-score": 0.999395039322444,
    "support": 826.0
  },
  "Peach": {
    "precision": 0.9875930521091811,
    "recall": 1.0,
    "f1-score": 0.9937578027465668,
    "support": 398.0
  },
  "Pepper,_bell": {
    "precision": 0.9893617021276596,
    "recall": 1.0,
    "f1-score": 0.9946524064171123,
    "support": 372.0
  },
  "Potato": {
    "precision": 0.9873417721518988,
    "recall": 0.9659442724458205,
    "f1-score": 0.9765258215962441,
    "support": 323.0
  },
  "Raspberry": {
    "precision": 0.9821428571428571,
    "recall": 1.0,
    "f1-score": 0.990990990990991,
    "support": 55.0
  },
  "Soybean": {
    "precision": 0.9973753280839895,
    "recall": 0.9947643979057592,
    "f1-score": 0.9960681520314548,
    "support": 764.0
  },
  "Squash": {
    "precision": 1.0,
    "recall": 1.0,
    "f1-score": 1.0,
    "support": 275.0
  },
  "Strawberry": {
    "precision": 1.0,
    "recall": 0.9957446808510638,
    "f1-score": 0.997867803837953,
    "support": 235.0
  },
  "Tomato": {
    "precision": 0.9926927292656192,
    "recall": 0.9970642201834863,
    "f1-score": 0.9948736726473819,
    "support": 2725.0
  },
  "accuracy": 0.9952123741713724,
  "macro avg": {
    "precision": 0.9951012578284117,
    "recall": 0.9939241433921507,
    "f1-score": 0.9944809254702373,
    "support": 8146.0
  },
  "weighted avg": {
    "precision": 0.9952246329288956,
    "recall": 0.9952123741713724,
    "f1-score": 0.9952001447887182,
    "support": 8146.0
  }
}