{
  "healthy": {
    "precision": 0.9807949977668602,
    "recall": 0.9703932832523199,
    "f1-score": 0.9755664149266993,
    "support": 2263.0
  },
  "diseased": {
    "precision": 0.9886575249703742,
    "recall": 0.9926908040115587,
    "f1-score": 0.9906700593723494,
    "support": 5883.0
  },
  "accuracy": 0.9864964399705377,
  "macro avg": {
    "precision": 0.9847262613686172,
    "recall": 0.9815420436319393,
    "f1-score": 0.9831182371495244,
    "support": 8146.0
  },
  "weighted avg": {
    "precision": 0.9864732751469574,
    "recall": 0.9864964399705377,
    "f1-score": 0.9864741905556902,
    "support": 8146.0
  }
}