{
  "apple_scab": {
    "precision": 1.0,
    "recall": 0.9468085106382979,
    "f1-score": 0.9726775956284153,
    "support": 94.0
  },
  "bacterial_spot": {
    "precision": 0.9368295589988082,
    "recall": 0.966789667896679,
    "f1-score": 0.9515738498789347,
    "support": 813.0
  },
  "black_rot": {
    "precision": 0.974169741697417,
    "recall": 0.9777777777777777,
    "f1-score": 0.9759704251386322,
    "support": 270.0
  },
  "cedar_apple_rust": {
    "precision": 0.975609756097561,
    "recall": 0.975609756097561,
    "f1-score": 0.975609756097561,
    "support": 41.0
  },
  "cercospora_leaf_spot gray_leaf_spot": {
    "precision": 0.8513513513513513,
    "recall": 0.8181818181818182,
    "f1-score": 0.8344370860927153,
    "support": 77.0
  },
  "common_rust": {
    "precision": 0.9781420765027322,
    "recall": 1.0,
    "f1-score": 0.988950276243094,
    "support": 179.0
  },
  "early_blight": {
    "precision": 0.8958333333333334,
    "recall": 0.86,
    "f1-score": 0.8775510204081632,
    "support": 300.0
  },
  "esca_(black_measles)": {
    "precision": 0.966824644549763,
    "recall": 0.9855072463768116,
    "f1-score": 0.9760765550239234,
    "support": 207.0
  },
  "haunglongbing_(citrus_greening)": {
    "precision": 0.9904076738609112,
    "recall": 1.0,
    "f1-score": 0.9951807228915662,
    "support": 826.0
  },
  "late_blight": {
    "precision": 0.9346846846846847,
    "recall": 0.9496567505720824,
    "f1-score": 0.94211123723042,
    "support": 437.0
  },
  "leaf_blight_(isariopsis_leaf_spot)": {
    "precision": 0.9938271604938271,
    "recall": 0.9938271604938271,
    "f1-score": 0.9938271604938271,
    "support": 162.0
  },
  "leaf_mold": {
    "precision": 0.9844961240310077,
    "recall": 0.8881118881118881,
    "f1-score": 0.9338235294117647,
    "support": 143.0
  },
  "leaf_scorch": {
    "precision": 0.9880952380952381,
    "recall": 0.9940119760479041,
    "f1-score": 0.991044776119403,
    "support": 167.0
  },
  "northern_leaf_blight": {
    "precision": 0.9041095890410958,
    "recall": 0.8979591836734694,
    "f1-score": 0.9010238907849829,
    "support": 147.0
  },
  "powdery_mildew": {
    "precision": 0.9976798143851509,
    "recall": 0.9930715935334873,
    "f1-score": 0.9953703703703703,
    "support": 433.0
  },
  "septoria_leaf_spot": {
    "precision": 0.9118773946360154,
    "recall": 0.8981132075471698,
    "f1-score": 0.9049429657794676,
    "support": 265.0
  },
  "spider_mites two-spotted_spider_mite": {
    "precision": 0.9294117647058824,
    "recall": 0.9404761904761905,
    "f1-score": 0.9349112426035503,
    "support": 252.0
  },
  "target_spot": {
    "precision": 0.885,
    "recall": 0.8388625592417062,
    "f1-score": 0.8613138686131386,
    "support": 211.0
  },
  "tomato_mosaic_virus": {
    "precision": 0.9444444444444444,
    "recall": 0.9107142857142857,
    "f1-score": 0.9272727272727272,
    "support": 56.0
  },
  "tomato_yellow_leaf_curl_virus": {
    "precision": 0.9887920298879203,
    "recall": 0.9887920298879203,
    "f1-score": 0.9887920298879203,
    "support": 803.0
  },
  "accuracy": 0.9581845996940337,
  "macro avg": {
    "precision": 0.9515793190398572,
    "recall": 0.941213580113444,
    "f1-score": 0.9461230542985289,
    "support": 5883.0
  },
  "weighted avg": {
    "precision": 0.9579982793812617,
    "recall": 0.9581845996940337,
    "f1-score": 0.9579196306818191,
    "support": 5883.0
  }
}