{
  "Apple": {
    "precision": 0.9978858350951374,
    "recall": 0.9957805907172996,
    "f1-score": 0.996832101372756,
    "support": 474.0
  },
  "Blueberry": {
    "precision": 1.0,
    "recall": 1.0,
    "f1-score": 1.0,
    "support": 226.0
  },
  "Cherry_(including_sour)": {
    "precision": 1.0,
    "recall": 0.993006993006993,
    "f1-score": 0.9964912280701754,
    "support": 286.0
  },
  "Corn_(maize)": {
    "precision": 0.9965457685664939,
    "recall": 1.0,
    "f1-score": 0.9982698961937716,
    "support": 577.0
  },
  "Grape": {
    "precision": 1.0,
    "recall": 1.0,
    "f1-score": 1.0,
    "support": 610.0
  },
  "Orange": {
    "precision": 0.9987908101571947,
    "recall": 1.0,
    "f1-score": 0.999395039322444,
    "support": 826.0
  },
  "Peach": {
    "precision": 1.0,
    "recall": 0.9974874371859297,
    "f1-score": 0.9987421383647799,
    "support": 398.0
  },
  "Pepper,_bell": {
    "precision": 0.9946524064171123,
    "recall": 1.0,
    "f1-score": 0.9973190348525469,
    "support": 372.0
  },
  "Potato": {
    "precision": 0.9937304075235109,
    "recall": 0.9814241486068112,
    "f1-score": 0.9875389408099688,
    "support": 323.0
  },
  "Raspberry": {
    "precision": 1.0,
    "recall": 1.0,
    "f1-score": 1.0,
    "support": 55.0
  },
  "Soybean": {
    "precision": 1.0,
    "recall": 0.9960732984293194,
    "f1-score": 0.9980327868852459,
    "support": 764.0
  },
  "Squash": {
    "precision": 1.0,
    "recall": 0.9963636363636363,
    "f1-score": 0.9981785063752276,
    "support": 275.0
  },
  "Strawberry": {
    "precision": 1.0,
    "recall": 0.9957446808510638,
    "f1-score": 0.997867803837953,
    "support": 235.0
  },
  "Tomato": {
    "precision": 0.9963410171972191,
    "recall": 0.9992660550458715,
    "f1-score": 0.9978013924514474,
    "support": 2725.0
  },
  "accuracy": 0.9977903265406335,
  "macro avg": {
    "precision": 0.9984247317826191,
    "recall": 0.9967962028719233,
    "f1-score": 0.9976049191811656,
    "support": 8146.0
  },
  "weighted avg": {
    "precision": 0.9977928912555226,
    "recall": 0.9977903265406335,
    "f1-score": 0.997787618038851,
    "support": 8146.0
  }
}