{
  "best_params": {
    "clf__C": 100,
    "clf__gamma": "scale",
    "scaler": "StandardScaler()"
  },
  "best_score": 0.9966203633081355,
  "scorer": "make_scorer(accuracy_score, response_method='predict')",
  "cv_results": {
    "mean_fit_time": [
      113.24655691782634,
      131.6624239285787,
      122.83797097206116,
      137.83028936386108,
      119.26022450129192,
      130.04464054107666,
      84.06872328122456,
      109.49546360969543,
      97.28129172325134,
      118.9958148797353,
      42.13931941986084,
      48.52099188168844,
      75.36233560244243,
      102.8817150592804,
      96.58282049496968,
      105.32306742668152,
      34.875889460245766,
      33.62978084882101
    ],
    "std_fit_time": [
      0.9233632485312993,
      3.8128761544051852,
      1.1701333089722856,
      7.167824299526162,
      3.4446763360578507,
      2.459072441596799,
      4.0459693480669925,
      7.53250650059792,
      2.7233742581676013,
      3.3931600321287627,
      2.6365271068115006,
      1.537504360650085,
      1.706601164120155,
      8.500189699016556,
      5.656631988495553,
      2.2480951211710805,
      2.64167511680825,
      2.2937719630771656
    ],
    "mean_score_time": [
      65.62617707252502,
      65.22182663281758,
      65.02836894989014,
      66.3703960577647,
      83.58348202705383,
      81.70950849850972,
      54.76644738515218,
      76.14430785179138,
      59.258474826812744,
      66.7749617099762,
      36.71242245038351,
      42.31615169843038,
      60.069991747538246,
      47.49964467684428,
      42.42375787099203,
      32.45150295893351,
      29.764857133229572,
      22.749345302581787
    ],
    "std_score_time": [
      10.385109366769656,
      2.9057642512959525,
      1.590828247581805,
      5.099825197772482,
      10.348303187719022,
      0.9613079387192898,
      2.397339576578926,
      3.4434981485056193,
      0.5693916481085523,
      13.05738656897194,
      1.5797028328336873,
      3.476601295307242,
      0.10525620687859143,
      4.308486675318777,
      4.705066711319401,
      3.015260165093385,
      3.33563551823587,
      3.7453348582168102
    ],
    "param_clf__C": [
      1,
      1,
      1,
      1,
      1,
      1,
      10,
      10,
      10,
      10,
      10,
      10,
      100,
      100,
      100,
      100,
      100,
      100
    ],
    "param_clf__gamma": [
      "scale",
      "scale",
      0.001,
      0.001,
      0.0001,
      0.0001,
      "scale",
      "scale",
      0.001,
      0.001,
      0.0001,
      0.0001,
      "scale",
      "scale",
      0.001,
      0.001,
      0.0001,
      0.0001
    ],
    "param_scaler": [
      "StandardScaler()",
      "RobustScaler()",
      "StandardScaler()",
      "RobustScaler()",
      "StandardScaler()",
      "RobustScaler()",
      "StandardScaler()",
      "RobustScaler()",
      "StandardScaler()",
      "RobustScaler()",
      "StandardScaler()",
      "RobustScaler()",
      "StandardScaler()",
      "RobustScaler()",
      "StandardScaler()",
      "RobustScaler()",
      "StandardScaler()",
      "RobustScaler()"
    ],
    "params": [
      {
        "clf__C": 1,
        "clf__gamma": "scale",
        "scaler": "StandardScaler()"
      },
      {
        "clf__C": 1,
        "clf__gamma": "scale",
        "scaler": "RobustScaler()"
      },
      {
        "clf__C": 1,
        "clf__gamma": 0.001,
        "scaler": "StandardScaler()"
      },
      {
        "clf__C": 1,
        "clf__gamma": 0.001,
        "scaler": "RobustScaler()"
      },
      {
        "clf__C": 1,
        "clf__gamma": 0.0001,
        "scaler": "StandardScaler()"
      },
      {
        "clf__C": 1,
        "clf__gamma": 0.0001,
        "scaler": "RobustScaler()"
      },
      {
        "clf__C": 10,
        "clf__gamma": "scale",
        "scaler": "StandardScaler()"
      },
      {
        "clf__C": 10,
        "clf__gamma": "scale",
        "scaler": "RobustScaler()"
      },
      {
        "clf__C": 10,
        "clf__gamma": 0.001,
        "scaler": "StandardScaler()"
      },
      {
        "clf__C": 10,
        "clf__gamma": 0.001,
        "scaler": "RobustScaler()"
      },
      {
        "clf__C": 10,
        "clf__gamma": 0.0001,
        "scaler": "StandardScaler()"
      },
      {
        "clf__C": 10,
        "clf__gamma": 0.0001,
        "scaler": "RobustScaler()"
      },
      {
        "clf__C": 100,
        "clf__gamma": "scale",
        "scaler": "StandardScaler()"
      },
      {
        "clf__C": 100,
        "clf__gamma": "scale",
        "scaler": "RobustScaler()"
      },
      {
        "clf__C": 100,
        "clf__gamma": 0.001,
        "scaler": "StandardScaler()"
      },
      {
        "clf__C": 100,
        "clf__gamma": 0.001,
        "scaler": "RobustScaler()"
      },
      {
        "clf__C": 100,
        "clf__gamma": 0.0001,
        "scaler": "StandardScaler()"
      },
      {
        "clf__C": 100,
        "clf__gamma": 0.0001,
        "scaler": "RobustScaler()"
      }
    ],
    "split0_test_score": [
      0.9957756547735102,
      0.9925911483720024,
      0.9953857152141418,
      0.9923311886657568,
      0.989991551309547,
      0.988301813218951,
      0.9970754533047378,
      0.9944108663157211,
      0.9968804835250537,
      0.9942808864625983,
      0.9952557353610191,
      0.9948008058750893,
      0.9972704230844219,
      0.9948657958016508,
      0.9968154935984922,
      0.9945408461688439,
      0.9964255540391239,
      0.9951907454344576
    ],
    "split1_test_score": [
      0.9946054855063045,
      0.9917457428831405,
      0.9941505264526193,
      0.9909658130768231,
      0.9881060704536592,
      0.9861562459378655,
      0.9962953334199922,
      0.9950604445599897,
      0.9959703626673599,
      0.9943455089041986,
      0.9947354738073574,
      0.9935655790978812,
      0.9964253217210451,
      0.9950604445599897,
      0.9959703626673599,
      0.9943455089041986,
      0.9963603275705186,
      0.9955154036136747
    ],
    "split2_test_score": [
      0.9951254387105161,
      0.991810737033667,
      0.9945404913557779,
      0.9906408423241908,
      0.9899259066683999,
      0.9887560119589237,
      0.9961653451189393,
      0.9940205381515663,
      0.9953854153126218,
      0.993240608345249,
      0.9957753802157806,
      0.9945404913557779,
      0.9961653451189393,
      0.9940205381515663,
      0.9953854153126218,
      0.993110620044196,
      0.9961653451189393,
      0.9956453919147277
    ],
    "mean_test_score": [
      0.9951688596634436,
      0.9920492094296033,
      0.9946922443408464,
      0.9913126146889235,
      0.9893411761438687,
      0.9877380237052468,
      0.9965120439478897,
      0.9944972830090922,
      0.9960787538350119,
      0.9939556679040153,
      0.995255529794719,
      0.9943022921095829,
      0.9966203633081355,
      0.9946489261710689,
      0.996057090526158,
      0.9939989917057462,
      0.996317075576194,
      0.9954505136542867
    ],
    "std_test_score": [
      0.00047870524183679067,
      0.0003841262143854344,
      0.0005155544235776676,
      0.0007323574752027242,
      0.0008737626886894559,
      0.0011337518255433523,
      0.0004019094567524622,
      0.0004289150795825029,
      0.0006151524059801403,
      0.0005063112642284386,
      0.0004245400383654821,
      0.000531664341760173,
      0.00047175575811348765,
      0.00045138724104809455,
      0.0005870390487002058,
      0.0006332152443541747,
      0.00011054477764149124,
      0.00019119603487437414
    ],
    "rank_test_score": [
      8,
      15,
      9,
      16,
      17,
      18,
      2,
      11,
      4,
      14,
      7,
      12,
      1,
      10,
      5,
      13,
      3,
      6
    ]
  }
}