{
  "species_accuracy": 0.9872329977903266,
  "species_f1": 0.9836973475805207,
  "disease_accuracy": 0.46169899337097964,
  "disease_f1": 0.24409656752136868,
  "cascade_accuracy": 0.4593665602749816,
  "cascade_f1": 0.2570238016448691
}