accuracy,loss,val_accuracy,val_loss,val_macro_f1,val_accuracy_sklearn,learning_rate
0.8762803077697754,0.9732511043548584,0.978056013584137,0.7058934569358826,0.9707958608911003,0.9780560043080236,0.0010000000474974513
0.9828615784645081,0.6914420127868652,0.9927302002906799,0.6331393122673035,0.9902325873037144,0.9927302100161551,9.999999747378752e-05
