{
  "species": {
    "macro_f1": 0.9989656876863219,
    "accuracy": 0.9990179229069482
  },
  "disease_global": {
    "macro_f1": 0.9930804308155119,
    "accuracy": 0.9968082494475816
  }
}