mean_fit_time,std_fit_time,mean_score_time,std_score_time,param_xgb__colsample_bytree,param_xgb__learning_rate,param_xgb__max_depth,param_xgb__n_estimators,param_xgb__subsample,params,split0_test_bal_acc,split1_test_bal_acc,split2_test_bal_acc,split3_test_bal_acc,split4_test_bal_acc,mean_test_bal_acc,std_test_bal_acc,rank_test_bal_acc,split0_train_bal_acc,split1_train_bal_acc,split2_train_bal_acc,split3_train_bal_acc,split4_train_bal_acc,mean_train_bal_acc,std_train_bal_acc,split0_test_f1_macro,split1_test_f1_macro,split2_test_f1_macro,split3_test_f1_macro,split4_test_f1_macro,mean_test_f1_macro,std_test_f1_macro,rank_test_f1_macro,split0_train_f1_macro,split1_train_f1_macro,split2_train_f1_macro,split3_train_f1_macro,split4_train_f1_macro,mean_train_f1_macro,std_train_f1_macro
14.023960590362549,0.6710421937941854,0.08321619033813477,0.011140350116184949,0.8,0.1,6,300,0.8,"{'xgb__colsample_bytree': 0.8, 'xgb__learning_rate': 0.1, 'xgb__max_depth': 6, 'xgb__n_estimators': 300, 'xgb__subsample': 0.8}",0.8395388890094407,0.855496037134434,0.8524908809448,0.8408469251672134,0.8609416819405258,0.8498628828392828,0.008357642397523946,1,0.9999096983926314,0.9998488720873713,0.9998195108744697,0.9999548777186175,0.9998127126314518,0.9998691343409083,5.487043967556317e-05,0.8623085436226291,0.8715184402287333,0.8725913044403466,0.8661726818863773,0.87981103990915,0.8704804020174473,0.0059653995370931604,1,0.9999486645945448,0.9999120785423931,0.9998973302501106,0.9999743538419256,0.9998939726666861,0.9999252799791319,3.127522132427098e-05
13.72809910774231,0.6043743568695181,0.07108082771301269,0.001982765276558591,0.8,0.05,6,300,0.8,"{'xgb__colsample_bytree': 0.8, 'xgb__learning_rate': 0.05, 'xgb__max_depth': 6, 'xgb__n_estimators': 300, 'xgb__subsample': 0.8}",0.8180760790625662,0.8393266443124198,0.836969125882199,0.823668250348425,0.842492008622032,0.8321064216455284,0.009504642786910933,2,0.9805168589504173,0.980444463704979,0.9795715083250585,0.9802501358783383,0.9807505610341101,0.9803067055785807,0.00040096497080378173,0.842901647089888,0.8579289985896065,0.8586052641054521,0.8505960237968614,0.8616941081346229,0.8543452083432861,0.006782469088656705,2,0.984130813869671,0.9841172461475798,0.9832428974119377,0.9835834153041988,0.9838174995132235,0.9837783744493223,0.0003362508198813535
