{
  "balanced_accuracy": 0.8572013007900854,
  "f1_macro": 0.877216352065137
}